date,file,title,category,tags
2023-09-17,md/by_category/finance/2023-09-17_cb4e6d86-d75_부동산-취득세와-비용.md,부동산 취득세와 비용,finance,finance
2023-12-18,md/by_category/life/2023-12-18_c6eddac5-f33_장각-여행-안내.md,장각 여행 안내,life,life
2023-12-19,md/by_category/philosophy/2023-12-19_3fe03863-9e8_이자-계산-및-저축.md,이자 계산 및 저축,philosophy,philosophy
2024-01-12,md/by_category/uncategorized/2024-01-12_c54bdc8f-128_드라마-이순신의-귀환.md,드라마: 이순신의 귀환,uncategorized,uncategorized
2024-01-13,md/by_category/philosophy/2024-01-13_769ac8ef-5c5_로또-번호-예측-불가능.md,로또 번호 예측 불가능,philosophy,philosophy
2024-12-23,md/by_category/ai-dev/2024-12-23_6768fbfc-4f2_Apartment-Management-Business-Ideas.md,Apartment Management Business Ideas,ai-dev,ai-dev
2024-12-28,md/by_category/philosophy/2024-12-28_676fce5a-bc4_AI-핵심-기술-요약.md,AI 핵심 기술 요약,philosophy,philosophy
2024-12-29,md/by_category/ai-dev/2024-12-29_67714d6b-b84_Learning-and-Tracking-Status.md,Learning and Tracking Status,ai-dev,ai-dev
2024-12-29,md/by_category/ai-dev/2024-12-29_6771500d-62c_I-Am-That-요약.md,I Am That 요약,ai-dev,ai-dev
2025-01-01,md/by_category/philosophy/2025-01-01_6775255e-ccf_AI-사피엔스-책-요약.md,AI 사피엔스 책 요약,philosophy,philosophy
2025-01-01,md/by_category/ai-dev/2025-01-01_6775262a-c4e_AI-사피엔스-요약.md,AI 사피엔스 요약,ai-dev,ai-dev
2025-01-15,md/by_category/philosophy/2025-01-15_6787a74d-847_명상-경험-공유.md,명상 경험 공유,philosophy,philosophy
2025-01-18,md/by_category/philosophy/2025-01-18_678b9e4d-e55_음악과-뇌과학.md,음악과 뇌과학,philosophy,philosophy
2025-01-19,md/by_category/philosophy/2025-01-19_678c58d1-f96_명상-경험-탐구.md,명상 경험 탐구,philosophy,philosophy
2025-01-19,md/by_category/ai-dev/2025-01-19_678c7c2f-1fd_천재성-이해-단계.md,천재성 이해 단계,ai-dev,ai-dev
2025-01-19,md/by_category/philosophy/2025-01-19_678c92fc-b88_명상-경험-탐구.md,명상 경험 탐구,philosophy,philosophy
2025-01-19,md/by_category/finance/2025-01-19_678caf25-498_명상과-내면-탐구.md,명상과 내면 탐구,finance,finance
2025-01-23,md/by_category/philosophy/2025-01-23_6791a714-167_명상에-관한-질문들.md,명상에 관한 질문들,philosophy,philosophy
2025-01-30,md/by_category/ai-dev/2025-01-30_679b1645-fb5_진화된-사회-그림.md,진화된 사회 그림,ai-dev,ai-dev
2025-01-30,md/by_category/philosophy/2025-01-30_679b17df-437_진화와-정의-논의.md,진화와 정의 논의,philosophy,philosophy
2025-01-30,md/by_category/ai-dev/2025-01-30_679b195e-432_진화와-정의의-기준.md,진화와 정의의 기준,ai-dev,ai-dev
2025-02-04,md/by_category/ai-dev/2025-02-04_67a16653-e9f_OneDrive-폴더-동기화-방법.md,OneDrive 폴더 동기화 방법,ai-dev,ai-dev
2025-02-10,md/by_category/philosophy/2025-02-10_67a98db8-b1e_소액심판-송달료-인지세.md,소액심판 송달료 인지세,philosophy,philosophy
2025-02-12,md/by_category/finance/2025-02-12_67abeb88-56b_전문투자자-자격-요건.md,전문투자자 자격 요건,finance,finance
2025-02-15,md/by_category/ai-dev/2025-02-15_67b0117f-a65_ChatGPT-결제-방법.md,ChatGPT 결제 방법,ai-dev,ai-dev
2025-02-15,md/by_category/ai-dev/2025-02-15_67b047dc-458_ChatGPT-도움-요청.md,ChatGPT 도움 요청,ai-dev,ai-dev
2025-02-16,md/by_category/ai-dev/2025-02-16_67b16941-306_팝업-차단-해제-방법.md,팝업 차단 해제 방법,ai-dev,ai-dev
2025-02-23,md/by_category/finance/2025-02-23_67baf91e-78b_금에-대한-설명.md,금에 대한 설명,finance,finance
2025-03-01,md/by_category/philosophy/2025-03-01_67c2672b-769_10진수-BCD-변환.md,10진수 BCD 변환,philosophy,philosophy
2025-03-06,md/by_category/ai-dev/2025-03-06_67c90138-e2b_Iron-Man-Basketball-Request.md,Iron Man Basketball Request,ai-dev,ai-dev
2025-03-06,md/by_category/ai-dev/2025-03-06_67c90b80-fca_특수문자-입력-방법.md,특수문자 입력 방법,ai-dev,ai-dev
2025-03-10,md/by_category/philosophy/2025-03-10_67ceb195-f76_노후-연립주택-공사-계약서.md,노후 연립주택 공사 계약서,philosophy,philosophy
2025-03-10,md/by_category/philosophy/2025-03-10_67ceb2fe-a64_노후-연립-난방배관-계약.md,노후 연립 난방배관 계약,philosophy,philosophy
2025-03-15,md/by_category/finance/2025-03-15_67d4ff87-36e_Convexity-Concepts-Overview.md,Convexity Concepts Overview,finance,finance
2025-03-15,md/by_category/finance/2025-03-15_67d55c3a-812_Commodity-정의와-유형.md,Commodity 정의와 유형,finance,finance
2025-03-15,md/by_category/finance/2025-03-15_67d56517-83a_Spot-Price-개념-설명.md,Spot Price 개념 설명,finance,finance
2025-03-16,md/by_category/finance/2025-03-16_67d62356-9a4_Negative-Roll-Yield-Explained.md,Negative Roll Yield Explained,finance,finance
2025-03-17,md/by_category/finance/2025-03-17_67d782b3-e47_이자율-패리티와-피셔-효과.md,이자율 패리티와 피셔 효과,finance,finance
2025-03-19,md/by_category/philosophy/2025-03-19_67da3bb2-275_EVEBITDA-개념과-활용.md,EV/EBITDA 개념과 활용,philosophy,philosophy
2025-03-20,md/by_category/philosophy/2025-03-20_67dbaa72-b26_원형바닥형-의미-분석.md,원형바닥형 의미 분석,philosophy,philosophy
2025-03-20,md/by_category/philosophy/2025-03-20_67dbab44-86b_주식-원형-바닥형.md,주식 원형 바닥형,philosophy,philosophy
2025-03-20,md/by_category/ai-dev/2025-03-20_67dbfdfc-e2b_단어-사용-횟수-분석.md,단어 사용 횟수 분석,ai-dev,ai-dev
2025-03-21,md/by_category/philosophy/2025-03-21_67dcc1db-bcb_OBV-지표-활용법.md,OBV 지표 활용법,philosophy,philosophy
2025-03-22,md/by_category/philosophy/2025-03-22_67dea19b-7e9_수마칭하미무상사-이미지.md,수마칭하미무상사 이미지,philosophy,philosophy
2025-03-23,md/by_category/finance/2025-03-23_67df6194-351_VaR-개념과-계산-방법.md,VaR 개념과 계산 방법,finance,finance
2025-03-23,md/by_category/finance/2025-03-23_67df68ba-d25_역사적-시뮬레이션법-VaR.md,역사적 시뮬레이션법 VaR,finance,finance
2025-03-23,md/by_category/ai-dev/2025-03-23_67dfbaba-f34_광교호수공원-시-작성.md,광교호수공원 시 작성,ai-dev,ai-dev
2025-03-24,md/by_category/finance/2025-03-24_67e0a19d-988_MTM-모드-설명.md,MTM 모드 설명,finance,finance
2025-03-24,md/by_category/philosophy/2025-03-24_67e15156-47d_소송중지제도-설명.md,소송중지제도 설명,philosophy,philosophy
2025-03-28,md/by_category/philosophy/2025-03-28_67e67104-a14_스마트폰-사용법-강의안.md,스마트폰 사용법 강의안,philosophy,philosophy
2025-03-28,md/by_category/ai-dev/2025-03-28_67e6769c-45f_AI-앱-리플렛-제작.md,AI 앱 리플렛 제작,ai-dev,ai-dev
2025-03-28,md/by_category/ai-dev/2025-03-28_67e68ab8-eab_그림-요청-불가.md,그림 요청 불가,ai-dev,ai-dev
2025-03-29,md/by_category/ai-dev/2025-03-29_67e760ff-0f6_AI-프레젠테이션-도구.md,AI 프레젠테이션 도구,ai-dev,ai-dev
2025-03-29,md/by_category/ai-dev/2025-03-29_67e76166-2d3_프레젠테이션-이미지-제작-요청.md,프레젠테이션 이미지 제작 요청,ai-dev,ai-dev
2025-03-29,md/by_category/autotraderagent/2025-03-29_67e78776-2c5_AI-문서-앱-추천.md,AI 문서 앱 추천,autotraderagent,autotraderagent
2025-03-29,md/by_category/ai-dev/2025-03-29_67e795aa-ec3_AI-도구-요약-요청.md,AI 도구 요약 요청,ai-dev,ai-dev
2025-03-30,md/by_category/ai-dev/2025-03-30_67e862da-821_나눔고딕-폰트-다운로드.md,나눔고딕 폰트 다운로드,ai-dev,ai-dev
2025-03-31,md/by_category/ai-dev/2025-03-31_67e9e38d-459_핸드폰-화면-PC-연결.md,핸드폰 화면 PC 연결,ai-dev,ai-dev
2025-04-03,md/by_category/finance/2025-04-03_67ee127f-b79_전략적-자산배분-설명.md,전략적 자산배분 설명,finance,finance
2025-04-04,md/by_category/finance/2025-04-04_67ef3b38-b39_옵션모형-포트폴리오-보험.md,옵션모형 포트폴리오 보험,finance,finance
2025-04-05,md/by_category/ai-dev/2025-04-05_67f0c225-46e_스타일지수-인핸스드-펀드.md,스타일지수 인핸스드 펀드,ai-dev,ai-dev
2025-04-05,md/by_category/finance/2025-04-05_67f0f20a-7d7_스몰캡펀드-개념-설명.md,스몰캡펀드 개념 설명,finance,finance
2025-04-07,md/by_category/finance/2025-04-07_67f35d66-935_변동금리채권-설명.md,변동금리채권 설명,finance,finance
2025-04-12,md/by_category/ai-dev/2025-04-12_67f9b5c3-6c2_Digital-Sage-Profile.md,Digital Sage Profile,ai-dev,ai-dev
2025-04-12,md/by_category/finance/2025-04-12_67f9b5ef-6a0_구글-독스-특수문자-삽입.md,구글 독스 특수문자 삽입,finance,finance
2025-04-12,md/by_category/ai-dev/2025-04-12_67fa55fb-8c4_콜옵션-손익-구조.md,콜옵션 손익 구조,ai-dev,ai-dev
2025-04-13,md/by_category/finance/2025-04-13_67fb5721-b94_콘도르-매도-전략-설명.md,콘도르 매도 전략 설명,finance,finance
2025-04-14,md/by_category/finance/2025-04-14_67fc696f-0b6_대표자-변경-방법.md,대표자 변경 방법,finance,finance
2025-04-15,md/by_category/ai-dev/2025-04-15_67fdae3a-7b6_화장실-바닥-방수-방법.md,화장실 바닥 방수 방법,ai-dev,ai-dev
2025-04-15,md/by_category/philosophy/2025-04-15_67fdfe8c-afe_감마-설명-및-중요성.md,감마 설명 및 중요성,philosophy,philosophy
2025-04-16,md/by_category/ai-dev/2025-04-16_67ff0d0c-fb9_구글-독스-평균-기호.md,구글 독스 평균 기호,ai-dev,ai-dev
2025-04-22,md/by_category/finance/2025-04-22_6806d58d-df9_산업별-GDP-생산력-분석.md,산업별 GDP 생산력 분석,finance,finance
2025-04-22,md/by_category/ai-dev/2025-04-22_68079301-95f_무한대-기호-입력법.md,무한대 기호 입력법,ai-dev,ai-dev
2025-04-23,md/by_category/ai-dev/2025-04-23_6808b493-c99_구글-포토-자동-백업.md,구글 포토 자동 백업,ai-dev,ai-dev
2025-04-25,md/by_category/finance/2025-04-25_680acf76-ba1_글로벌기업-주택임대-진입장벽.md,글로벌기업 주택임대 진입장벽,finance,finance
2025-04-25,md/by_category/finance/2025-04-25_680adc93-569_개인투자자-등록-요건.md,개인투자자 등록 요건,finance,finance
2025-04-25,md/by_category/ai-dev/2025-04-25_680af83a-fdb_하이리빙-사업-요약.md,하이리빙 사업 요약,ai-dev,ai-dev
2025-04-26,md/by_category/philosophy/2025-04-26_680c2445-fd9_윈도우-11-속도-최적화.md,윈도우 11 속도 최적화,philosophy,philosophy
2025-04-28,md/by_category/finance/2025-04-28_680ef983-8b8_조건부-서식-수식.md,조건부 서식 수식,finance,finance
2025-04-30,md/by_category/ai-dev/2025-04-30_68117681-482_비실명거래-분리과세.md,비실명거래 분리과세,ai-dev,ai-dev
2025-04-30,md/by_category/ai-dev/2025-04-30_6811df4e-84f_독수리와-아가씨-그림.md,독수리와 아가씨 그림,ai-dev,ai-dev
2025-05-02,md/by_category/finance/2025-05-02_68141a63-6e1_CDO-유형-설명.md,CDO 유형 설명,finance,finance
2025-05-03,md/by_category/finance/2025-05-03_6815614d-814_생산유발계수-및-연쇄효과.md,생산유발계수 및 연쇄효과,finance,finance
2025-05-04,md/by_category/finance/2025-05-04_6816bce4-d8a_포트폴리오-보험-전략.md,포트폴리오 보험 전략,finance,finance
2025-05-05,md/by_category/finance/2025-05-05_68183540-99a_채권-면역-전략-설명.md,채권 면역 전략 설명,finance,finance
2025-05-05,md/by_category/ai-dev/2025-05-05_6818633f-6b8_위험중립확률-콜옵션-가격.md,위험중립확률 콜옵션 가격,ai-dev,ai-dev
2025-05-05,md/by_category/finance/2025-05-05_68186570-b35_옵션-민감도-설명.md,옵션 민감도 설명,finance,finance
2025-05-05,md/by_category/finance/2025-05-05_68186610-22b_옵션-민감도-정의-및-특징.md,옵션 민감도 정의 및 특징,finance,finance
2025-05-06,md/by_category/finance/2025-05-06_68195f3e-40a_콜옵션과-풋옵션-델타.md,콜옵션과 풋옵션 델타,finance,finance
2025-05-06,md/by_category/finance/2025-05-06_681965d4-925_위험중립확률-설명.md,위험중립확률 설명,finance,finance
2025-05-06,md/by_category/ai-dev/2025-05-06_68197d2b-f0a_위험중립-콜옵션-가격.md,위험중립 콜옵션 가격,ai-dev,ai-dev
2025-05-07,md/by_category/philosophy/2025-05-07_681a9b09-558_A주식-가중값-계산.md,A주식 가중값 계산,philosophy,philosophy
2025-05-10,md/by_category/philosophy/2025-05-10_681ec0c3-bcd_몰딩-철거-질문-답변.md,몰딩 철거 질문 답변,philosophy,philosophy
2025-05-10,md/by_category/philosophy/2025-05-10_681ed78d-d45_IS-LM-모형-설명.md,IS-LM 모형 설명,philosophy,philosophy
2025-05-11,md/by_category/finance/2025-05-11_681fea14-3a5_전환사채-vs-교환사채.md,전환사채 vs 교환사채,finance,finance
2025-05-11,md/by_category/finance/2025-05-11_682001ad-d79_금융계층-분류-설명.md,금융계층 분류 설명,finance,finance
2025-05-12,md/by_category/philosophy/2025-05-12_68216943-e70_무단-전기-사용-조치.md,무단 전기 사용 조치,philosophy,philosophy
2025-05-12,md/by_category/ai-dev/2025-05-12_6821f434-b1b_이웃-가치-연구.md,이웃 가치 연구,ai-dev,ai-dev
2025-05-13,md/by_category/ai-dev/2025-05-13_68229951-c41_구매안전서비스-발급-방법.md,구매안전서비스 발급 방법,ai-dev,ai-dev
2025-05-15,md/by_category/finance/2025-05-15_68250e4e-77f_CDS-신용파생상품-설명.md,CDS 신용파생상품 설명,finance,finance
2025-05-16,md/by_category/finance/2025-05-16_68268d7d-ad6_금융소득-종합과세-신고.md,금융소득 종합과세 신고,finance,finance
2025-05-17,md/by_category/finance/2025-05-17_6827e6ec-2e1_집합투자-vs-집합투자기구.md,집합투자 vs 집합투자기구,finance,finance
2025-05-18,md/by_category/finance/2025-05-18_68292021-57f_상품선물-개념과-특징.md,상품선물 개념과 특징,finance,finance
2025-05-19,md/by_category/ai-dev/2025-05-19_682a7fed-d5a_ADR-EDR-GDR-비교.md,ADR EDR GDR 비교,ai-dev,ai-dev
2025-05-19,md/by_category/ai-dev/2025-05-19_682aa01a-a62_EVA-경제적-가치-창출.md,EVA 경제적 가치 창출,ai-dev,ai-dev
2025-05-19,md/by_category/finance/2025-05-19_682aa637-f87_VR-투자-및-교육.md,VR 투자 및 교육,finance,finance
2025-05-19,md/by_category/philosophy/2025-05-19_682aae6a-0ff_집중률지수-개념-설명.md,집중률지수 개념 설명,philosophy,philosophy
2025-05-19,md/by_category/finance/2025-05-19_682b08ad-91f_EDF-디폴트-모드-MTM-모드.md,EDF 디폴트 모드 MTM 모드,finance,finance
2025-05-20,md/by_category/finance/2025-05-20_682bcf6d-c0e_컨버전-전략-설명.md,컨버전 전략 설명,finance,finance
2025-05-21,md/by_category/finance/2025-05-21_682d66a1-6a0_옵션-합성선물-포지션.md,옵션 합성선물 포지션,finance,finance
2025-05-22,md/by_category/finance/2025-05-22_682e75bd-ebc_표면이율-듀레이션-관계.md,표면이율 듀레이션 관계,finance,finance
2025-05-23,md/by_category/finance/2025-05-23_682fbd98-438_투자대안-A-성과-분석.md,투자대안 A 성과 분석,finance,finance
2025-05-23,md/by_category/finance/2025-05-23_682fe9bc-93a_GARCH-모델-설명.md,GARCH 모델 설명,finance,finance
2025-05-23,md/by_category/finance/2025-05-23_683032d4-77e_듀레이션과-채권-수익률.md,듀레이션과 채권 수익률,finance,finance
2025-05-24,md/by_category/finance/2025-05-24_68315c55-037_IS-LM-곡선-이동-차이.md,IS-LM 곡선 이동 차이,finance,finance
2025-05-25,md/by_category/finance/2025-05-25_6832c742-803_실물자산-금융자산-가치변화.md,실물자산 금융자산 가치변화,finance,finance
2025-05-25,md/by_category/philosophy/2025-05-25_6832f80f-c3a_고객보호원칙-요약.md,고객보호원칙 요약,philosophy,philosophy
2025-05-26,md/by_category/ai-dev/2025-05-26_6833a503-620_긴장-호르몬-반응.md,긴장 호르몬 반응,ai-dev,ai-dev
2025-05-26,md/by_category/finance/2025-05-26_6833adeb-c3e_ELD-의미-설명.md,ELD 의미 설명,finance,finance
2025-05-27,md/by_category/finance/2025-05-27_683502a0-318_수익증권과-증권-차이.md,수익증권과 증권 차이,finance,finance
2025-05-28,md/by_category/philosophy/2025-05-28_6836abd4-58a_신주인수권-증여-절세-전략.md,신주인수권 증여 절세 전략,philosophy,philosophy
2025-05-28,md/by_category/finance/2025-05-28_6836ac3d-57b_신주인수권-증여-절세.md,신주인수권 증여 절세,finance,finance
2025-05-29,md/by_category/autotraderagent/2025-05-29_6837cee0-3bf_지주공동사업-방식-비교.md,지주공동사업 방식 비교,autotraderagent,autotraderagent
2025-06-02,md/by_category/autotraderagent/2025-06-02_683cfaea-5a2_확정기여형-퇴직연금-설명.md,확정기여형 퇴직연금 설명,autotraderagent,autotraderagent
2025-06-02,md/by_category/ai-dev/2025-06-02_683d8a77-895_영상-과학적-근거-분석.md,영상 과학적 근거 분석,ai-dev,ai-dev
2025-06-03,md/by_category/finance/2025-06-03_683e5e39-7c2_풋콜패리티-예시-설명.md,풋콜패리티 예시 설명,finance,finance
2025-06-04,md/by_category/philosophy/2025-06-04_683f54c9-f5f_상황-활용-전략.md,상황 활용 전략,philosophy,philosophy
2025-06-04,md/by_category/philosophy/2025-06-04_683f5bff-42a_중립적-상황-표현.md,중립적 상황 표현,philosophy,philosophy
2025-06-04,md/by_category/philosophy/2025-06-04_68402e6e-436_무농약-인증-안내.md,무농약 인증 안내,philosophy,philosophy
2025-06-04,md/by_category/philosophy/2025-06-04_68403a61-363_고사리-무농약-인증절차.md,고사리 무농약 인증절차,philosophy,philosophy
2025-06-05,md/by_category/finance/2025-06-05_6840d977-e83_식후-혈당-평균.md,식후 혈당 평균,finance,finance
2025-06-06,md/by_category/finance/2025-06-06_68422e0a-599_RAROC와-RVAR-설명.md,RAROC와 RVAR 설명,finance,finance
2025-06-07,md/by_category/finance/2025-06-07_6843819f-bc7_자본시장선-개념-설명.md,자본시장선 개념 설명,finance,finance
2025-06-07,md/by_category/finance/2025-06-07_6843cd97-188_손자녀-보훈장학-조건.md,손자녀 보훈장학 조건,finance,finance
2025-06-07,md/by_category/ai-dev/2025-06-07_6843cee9-6fa_국가유공자-자녀-지원-나이.md,국가유공자 자녀 지원 나이,ai-dev,ai-dev
2025-06-07,md/by_category/ai-dev/2025-06-07_6843d1ea-308_국가유공자-자녀-나이-제한.md,국가유공자 자녀 나이 제한,ai-dev,ai-dev
2025-06-08,md/by_category/philosophy/2025-06-08_684507e3-68f_상관계수-계산-이유.md,상관계수 계산 이유,philosophy,philosophy
2025-06-08,md/by_category/ai-dev/2025-06-08_68452b23-68d_수학-특수문자-입력방법.md,수학 특수문자 입력방법,ai-dev,ai-dev
2025-06-09,md/by_category/finance/2025-06-09_68462379-002_포트폴리오-이론-개념들.md,포트폴리오 이론 개념들,finance,finance
2025-06-09,md/by_category/finance/2025-06-09_684646e2-474_그래프-텍스트-정확도.md,그래프 텍스트 정확도,finance,finance
2025-06-09,md/by_category/philosophy/2025-06-09_684662cf-12a_세무회계-자격증-목록.md,세무회계 자격증 목록,philosophy,philosophy
2025-06-09,md/by_category/finance/2025-06-09_684663ac-4cb_금융투자-자격증-목록.md,금융투자 자격증 목록,finance,finance
2025-06-10,md/by_category/finance/2025-06-10_684778f4-610_델타분석법-설명.md,델타분석법 설명,finance,finance
2025-06-11,md/by_category/finance/2025-06-11_6848eac3-a82_명지대-실물투자분석학과-설명.md,명지대 실물투자분석학과 설명,finance,finance
2025-06-11,md/by_category/finance/2025-06-11_68492436-1cc_자산집단-속성-설명.md,자산집단 속성 설명,finance,finance
2025-06-12,md/by_category/finance/2025-06-12_684a3b76-708_분산투자-이론-베타-유도.md,분산투자 이론 베타 유도,finance,finance
2025-06-12,md/by_category/finance/2025-06-12_684a7a80-fcd_CDO-트렌치-MtM-위험.md,CDO 트렌치 MtM 위험,finance,finance
2025-06-14,md/by_category/philosophy/2025-06-14_684d093c-173_소비대차-개념-설명.md,소비대차 개념 설명,philosophy,philosophy
2025-06-15,md/by_category/finance/2025-06-15_684e17fb-24b_CMA-계좌-설명.md,CMA 계좌 설명,finance,finance
2025-06-15,md/by_category/ai-dev/2025-06-15_684e65c7-c77_NET-80-Desktop-Runtime.md,.NET 8.0 Desktop Runtime,ai-dev,ai-dev
2025-06-16,md/by_category/finance/2025-06-16_684f5ddf-911_섀도-보팅-개념-설명.md,섀도 보팅 개념 설명,finance,finance
2025-06-17,md/by_category/finance/2025-06-17_6850b22e-1a1_합병차익거래-투자-전략.md,합병차익거래 투자 전략,finance,finance
2025-06-17,md/by_category/philosophy/2025-06-17_6851657d-041_발톱무좀-고름-처리법.md,발톱무좀 고름 처리법,philosophy,philosophy
2025-06-18,md/by_category/philosophy/2025-06-18_68520263-46b_영업레버리지-계산-방법.md,영업레버리지 계산 방법,philosophy,philosophy
2025-06-18,md/by_category/philosophy/2025-06-18_68524eab-9a9_주식-지표-설명.md,주식 지표 설명,philosophy,philosophy
2025-06-19,md/by_category/finance/2025-06-19_68535e22-237_CAPM-주식가치-평가.md,CAPM 주식가치 평가,finance,finance
2025-06-22,md/by_category/finance/2025-06-22_6857672f-aa1_증여세-구조-설명.md,증여세 구조 설명,finance,finance
2025-06-22,md/by_category/finance/2025-06-22_6857889b-69a_CB-BW-EB-설명.md,CB BW EB 설명,finance,finance
2025-06-23,md/by_category/finance/2025-06-23_6858d16e-ce7_FX마진거래-설명.md,FX마진거래 설명,finance,finance
2025-06-24,md/by_category/philosophy/2025-06-24_6859dfb1-58e_소크라테스-철학-개요.md,소크라테스 철학 개요,philosophy,philosophy
2025-06-24,md/by_category/philosophy/2025-06-24_6859e39f-ee9_어두운-곳-비추기.md,어두운 곳 비추기,philosophy,philosophy
2025-06-24,md/by_category/finance/2025-06-24_6859f275-3c6_포트폴리오-보험-전략.md,포트폴리오 보험 전략,finance,finance
2025-06-25,md/by_category/philosophy/2025-06-25_685b3e81-b67_민간자격-등록-절차.md,민간자격 등록 절차,philosophy,philosophy
2025-06-25,md/by_category/finance/2025-06-25_685b496e-13f_YTM-실효수익률-계산법.md,YTM 실효수익률 계산법,finance,finance
2025-06-26,md/by_category/finance/2025-06-26_685c9a0f-901_원화차입-달러운용-설명.md,원화차입 달러운용 설명,finance,finance
2025-06-29,md/by_category/ai-dev/2025-06-29_68609866-f4e_위험자산-투자비중-계산.md,위험자산 투자비중 계산,ai-dev,ai-dev
2025-07-01,md/by_category/ai-dev/2025-07-01_68630c4f-117_적금-복리-계산-방법.md,적금 복리 계산 방법,ai-dev,ai-dev
2025-07-01,md/by_category/ai-dev/2025-07-01_686388e7-24e_턱관절-치료-방법.md,턱관절 치료 방법,ai-dev,ai-dev
2025-07-02,md/by_category/finance/2025-07-02_68645c7f-912_부도상관관계와-에퀴티트렌치-가격.md,부도상관관계와 에퀴티트렌치 가격,finance,finance
2025-07-02,md/by_category/ai-dev/2025-07-02_686493e8-be7_주택관리사보-배치-의무.md,주택관리사보 배치 의무,ai-dev,ai-dev
2025-07-02,md/by_category/philosophy/2025-07-02_6864c796-1d1_표준편차-설명하기.md,표준편차 설명하기,philosophy,philosophy
2025-07-02,md/by_category/ai-dev/2025-07-02_686505bf-b03_마크로-대화형-AI.md,마크로 대화형 AI,ai-dev,ai-dev
2025-07-03,md/by_category/finance/2025-07-03_68661698-9dd_고정보상비율과-레버리지.md,고정보상비율과 레버리지,finance,finance
2025-07-03,md/by_category/ai-dev/2025-07-03_686675d0-8de_New-chat.md,New chat,ai-dev,ai-dev
2025-07-03,md/by_category/ai-dev/2025-07-03_68667749-270_New-chat.md,New chat,ai-dev,ai-dev
2025-07-04,md/by_category/philosophy/2025-07-04_6866ff0a-80f_몸과-의식의-해탈.md,몸과 의식의 해탈,philosophy,philosophy
2025-07-04,md/by_category/ai-dev/2025-07-04_68674b4a-ed2_이동식-냉풍기-원리.md,이동식 냉풍기 원리,ai-dev,ai-dev
2025-07-04,md/by_category/finance/2025-07-04_68675ee9-8a6_횡성군-농막주택-매물.md,횡성군 농막주택 매물,finance,finance
2025-07-04,md/by_category/ai-dev/2025-07-04_6867675f-089_레이저-무좀-치료-원리.md,레이저 무좀 치료 원리,ai-dev,ai-dev
2025-07-06,md/by_category/ai-dev/2025-07-06_6869da8d-833_투자자산운용사-합격률.md,투자자산운용사 합격률,ai-dev,ai-dev
2025-07-07,md/by_category/finance/2025-07-07_686b0c25-f9c_다우이론-4국면-비교.md,다우이론 4국면 비교,finance,finance
2025-07-07,md/by_category/philosophy/2025-07-07_686bb881-919_숫자들의-계급사회.md,숫자들의 계급사회,philosophy,philosophy
2025-07-09,md/by_category/ai-dev/2025-07-09_686dd541-a67_상반기-부가세-신고기간.md,상반기 부가세 신고기간,ai-dev,ai-dev
2025-07-09,md/by_category/ai-dev/2025-07-09_686e5147-543_카카오톡-오픈채팅-링크.md,카카오톡 오픈채팅 링크,ai-dev,ai-dev
2025-07-09,md/by_category/philosophy/2025-07-09_686e5ad5-efa_주택관리사-경력-요건.md,주택관리사 경력 요건,philosophy,philosophy
2025-07-10,md/by_category/finance/2025-07-10_686f297c-d45_채권-볼록성-계산법.md,채권 볼록성 계산법,finance,finance
2025-07-10,md/by_category/finance/2025-07-10_686f2cf0-1e8_강의-후기-전문화.md,강의 후기 전문화,finance,finance
2025-07-10,md/by_category/finance/2025-07-10_686f6de0-ae1_현금흐름-파악법.md,현금흐름 파악법,finance,finance
2025-07-11,md/by_category/finance/2025-07-11_6870613a-baf_집합투자업-정의.md,집합투자업 정의,finance,finance
2025-07-11,md/by_category/ai-dev/2025-07-11_6870cabd-9f9_유튜브-자막-추출-방법.md,유튜브 자막 추출 방법,ai-dev,ai-dev
2025-07-12,md/by_category/finance/2025-07-12_6871f30c-34b_공분산-설명.md,공분산 설명,finance,finance
2025-07-13,md/by_category/ai-dev/2025-07-13_687300c6-06a_기업가치-계산-방법.md,기업가치 계산 방법,ai-dev,ai-dev
2025-07-14,md/by_category/philosophy/2025-07-14_687456de-5cc_MACD와-MAO-비교.md,MACD와 MAO 비교,philosophy,philosophy
2025-07-14,md/by_category/finance/2025-07-14_6874d900-e94_내일-환율-예측.md,내일 환율 예측,finance,finance
2025-07-16,md/by_category/philosophy/2025-07-16_687723b5-1ff_투자자산운용사-시험-준비.md,투자자산운용사 시험 준비,philosophy,philosophy
2025-07-17,md/by_category/finance/2025-07-17_6878a1f8-268_포트폴리오-지표-해석.md,포트폴리오 지표 해석,finance,finance
2025-07-22,md/by_category/philosophy/2025-07-22_687efef6-2e9_패턴-분석-요청.md,패턴 분석 요청,philosophy,philosophy
2025-07-23,md/by_category/ai-dev/2025-07-23_688001a0-0cd_안드로이드-흑백-화면-해결.md,안드로이드 흑백 화면 해결,ai-dev,ai-dev
2025-07-24,md/by_category/finance/2025-07-24_6881cc93-0f0_디지털-금융-개요.md,디지털 금융 개요,finance,finance
2025-07-24,md/by_category/philosophy/2025-07-24_68822879-4fa_필사러-추천-도서-목록.md,필사러 추천 도서 목록,philosophy,philosophy
2025-07-25,md/by_category/ai-dev/2025-07-25_6882e911-f18_차량-외부-파인-부분-재료.md,차량 외부 파인 부분 재료,ai-dev,ai-dev
2025-07-25,md/by_category/philosophy/2025-07-25_6883840f-502_New-chat.md,New chat,philosophy,philosophy
2025-07-30,md/by_category/ai-dev/2025-07-30_6889f22b-99b_2021-2025-에어컨-비교.md,2021 2025 에어컨 비교,ai-dev,ai-dev
2025-08-03,md/by_category/philosophy/2025-08-03_688ef129-c4a_Exponential-의미-설명.md,Exponential 의미 설명,philosophy,philosophy
2025-08-04,md/by_category/finance/2025-08-04_6890232e-8df_단원별-요약-요청.md,단원별 요약 요청,finance,finance
2025-08-04,md/by_category/finance/2025-08-04_6890242c-6d1_미국-스테이블코인-일정.md,미국 스테이블코인 일정,finance,finance
2025-08-04,md/by_category/finance/2025-08-04_68902541-422_스테이블-코인-시장-분석.md,스테이블 코인 시장 분석,finance,finance
2025-08-04,md/by_category/finance/2025-08-04_6890364e-c1f_디지털-화폐-실험-공백.md,디지털 화폐 실험 공백,finance,finance
2025-08-04,md/by_category/finance/2025-08-04_689055c6-710_스테이블-코인-정의-설명.md,스테이블 코인 정의 설명,finance,finance
2025-08-05,md/by_category/philosophy/2025-08-05_6891a485-3fe_Few-shot-vs-Zero-shot.md,Few-shot vs Zero-shot,philosophy,philosophy
2025-08-05,md/by_category/ai-dev/2025-08-05_6891a632-633_System-Prompt-요약.md,System Prompt 요약,ai-dev,ai-dev
2025-08-05,md/by_category/finance/2025-08-05_6891adfb-56f_디지털-화폐-패권-전쟁.md,디지털 화폐 패권 전쟁,finance,finance
2025-08-06,md/by_category/finance/2025-08-06_68934520-065_전세계-금-보유액-달러-환산.md,전세계 금 보유액 달러 환산,finance,finance
2025-08-07,md/by_category/philosophy/2025-08-07_6893f664-a13_의식의-움직임.md,의식의 움직임,philosophy,philosophy
2025-08-07,md/by_category/finance/2025-08-07_68942244-e65_금액가중수익률-계산법.md,금액가중수익률 계산법,finance,finance
2025-08-08,md/by_category/ai-dev/2025-08-08_68954ab4-514_도수분포-설명.md,도수분포 설명,ai-dev,ai-dev
2025-08-08,md/by_category/philosophy/2025-08-08_689582ff-4d0_자녀와의-관계-형성.md,자녀와의 관계 형성,philosophy,philosophy
2025-08-08,md/by_category/ai-dev/2025-08-08_6895c70f-2c6_삼성-텍사스-투자-장소.md,삼성 텍사스 투자 장소,ai-dev,ai-dev
2025-08-10,md/by_category/philosophy/2025-08-10_6897eef4-94e_확률-연산법칙-설명.md,확률 연산법칙 설명,philosophy,philosophy
2025-08-11,md/by_category/finance/2025-08-11_689958fc-3ce_공식-설명-비교표.md,공식 설명 비교표,finance,finance
2025-08-11,md/by_category/finance/2025-08-11_6899e334-39e_실무-활용-항목-작성법.md,실무 활용 항목 작성법,finance,finance
2025-08-11,md/by_category/finance/2025-08-11_6899e615-fe7_기하분포-설명.md,기하분포 설명,finance,finance
2025-08-12,md/by_category/finance/2025-08-12_689ac79f-7a5_균등분포-설명-및-공식.md,균등분포 설명 및 공식,finance,finance
2025-08-12,md/by_category/philosophy/2025-08-12_689afa56-e8a_로맨스-스캠-정의.md,로맨스 스캠 정의,philosophy,philosophy
2025-08-13,md/by_category/finance/2025-08-13_689bd1a3-8df_정규분포-설명-예시.md,정규분포 설명 예시,finance,finance
2025-08-13,md/by_category/ai-dev/2025-08-13_689be468-815_구글-독스-표-속-표.md,구글 독스 표 속 표,ai-dev,ai-dev
2025-08-13,md/by_category/finance/2025-08-13_689c0ea4-918_표준정규분포-설명.md,표준정규분포 설명,finance,finance
2025-08-14,md/by_category/finance/2025-08-14_689d3357-b09_지수분포-설명하기.md,지수분포 설명하기,finance,finance
2025-08-14,md/by_category/philosophy/2025-08-14_689d5c80-7da_코스피-지수-분석.md,코스피 지수 분석,philosophy,philosophy
2025-08-16,md/by_category/finance/2025-08-16_68a0007f-ba9_포아송과정-설명.md,포아송과정 설명,finance,finance
2025-08-16,md/by_category/philosophy/2025-08-16_68a000b7-bcd_비교-설명-요청.md,비교 설명 요청,philosophy,philosophy
2025-08-17,md/by_category/finance/2025-08-17_68a11ce7-55c_GARCH-모델-한국어-해석.md,GARCH 모델 한국어 해석,finance,finance
2025-08-17,md/by_category/finance/2025-08-17_68a15b8f-d15_가격변화율-확률분포.md,가격변화율 확률분포,finance,finance
2025-08-18,md/by_category/finance/2025-08-18_68a28c5a-775_그림-텍스트-설명.md,그림 텍스트 설명,finance,finance
2025-08-19,md/by_category/finance/2025-08-19_68a3b664-4d7_공분산-예시-설명-비교.md,공분산 예시 설명 비교,finance,finance
2025-08-19,md/by_category/finance/2025-08-19_68a40317-5e0_일별-월별-변동성-비교.md,일별 월별 변동성 비교,finance,finance
2025-08-19,md/by_category/finance/2025-08-19_68a47387-a14_돈-굴리기-방법.md,돈 굴리기 방법,finance,finance
2025-08-21,md/by_category/finance/2025-08-21_68a69f54-124_실무-표본추출-유의사항.md,실무 표본추출 유의사항,finance,finance
2025-08-22,md/by_category/finance/2025-08-22_68a7ab58-22a_불편추정량-설명.md,불편추정량 설명,finance,finance
2025-08-24,md/by_category/finance/2025-08-24_68aa4ddf-8f1_이미지-텍스트-변환.md,이미지 텍스트 변환,finance,finance
2025-08-25,md/by_category/finance/2025-08-25_68aba28d-13d_사진-텍스트-변환.md,사진 텍스트 변환,finance,finance
2025-08-26,md/by_category/finance/2025-08-26_68ad0d00-1fe_텍스트-변환-요청.md,텍스트 변환 요청,finance,finance
2025-08-27,md/by_category/finance/2025-08-27_68aee259-ea0_그림을-텍스트로-변환.md,그림을 텍스트로 변환,finance,finance
2025-09-11,md/by_category/finance/2025-09-11_68c19837-ae9_Dollar-reserves-in-Korea.md,Dollar reserves in Korea,finance,finance
2025-09-13,md/by_category/finance/2025-09-13_68c5079f-7b1_구글독스-옵시디언-연결-방법.md,구글독스 옵시디언 연결 방법,finance,finance
2025-09-13,md/by_category/finance/2025-09-13_68c51065-445_Chat-GPT의-대화내용-옵시디안-연동.md,Chat-GPT의 대화내용 옵시디안 연동,finance,finance
2025-09-13,md/by_category/ai-dev/2025-09-13_68c5146c-140_아카이브-메뉴-위치-설명.md,아카이브 메뉴 위치 설명,ai-dev,ai-dev
2025-09-15,md/by_category/philosophy/2025-09-15_68c7767d-12d_GPT-에디터-메뉴-설명.md,GPT 에디터 메뉴 설명,philosophy,philosophy
2025-09-15,md/by_category/philosophy/2025-09-15_68c788e4-278_호환-검색-분석-방법.md,호환 검색 분석 방법,philosophy,philosophy
2025-09-15,md/by_category/philosophy/2025-09-15_68c8077e-26e_dual_brain_ai_요약.md,dual_brain_ai_요약,philosophy,philosophy
2025-09-17,md/by_category/finance/2025-09-17_68ca1c72-b43_달러박스-서비스-설명.md,달러박스 서비스 설명,finance,finance
2025-09-19,md/by_category/finance/2025-09-19_68cd2036-779_삼성전자_차트-분석-및-동향.md,삼성전자_차트 분석 및 동향,finance,finance
2025-09-19,md/by_category/finance/2025-09-19_68cd24c4-c0d_태웅로직스_블로그-포스팅-작성-완료.md,태웅로직스_블로그 포스팅 작성 완료,finance,finance
2025-09-19,md/by_category/finance/2025-09-19_68cd2d3a-4f4_태웅로직스_차트-분석-및-종목-동향.md,태웅로직스_차트 분석 및 종목 동향,finance,finance
2025-09-20,md/by_category/philosophy/2025-09-20_68ce200d-6fa_주식분석-대가-전환.md,주식분석 대가 전환,philosophy,philosophy
2025-09-21,md/by_category/philosophy/2025-09-21_68cf4fae-89a_일봉-차트-전략-수립.md,일봉 차트 전략 수립,philosophy,philosophy
2025-09-21,md/by_category/finance/2025-09-21_68cf6766-728_태웅로직스-투자-전략-보고서.md,태웅로직스 투자 전략 보고서,finance,finance
2025-09-21,md/by_category/finance/2025-09-21_68cf6b52-46f_삼양식품-003230-투자-전략-보고서.md,삼양식품 (003230) 투자 전략 보고서,finance,finance
2025-09-21,md/by_category/autotraderagent/2025-09-21_68cf8501-701_블로그-디자인-구성.md,블로그 디자인 구성,autotraderagent,autotraderagent
2025-09-21,md/by_category/ai-dev/2025-09-21_68cf9523-35c_행정사-사무소-지원.md,행정사 사무소 지원,ai-dev,ai-dev
2025-09-22,md/by_category/philosophy/2025-09-22_68d0eec5-c73_당뇨-전문의사-역할.md,당뇨 전문의사 역할,philosophy,philosophy
2025-09-22,md/by_category/finance/2025-09-22_68d128f1-6e9_템플릿-의미-설명.md,템플릿 의미 설명,finance,finance
2025-09-24,md/by_category/philosophy/2025-09-24_68d3c54f-152_꿈-해몽-요청.md,꿈 해몽 요청,philosophy,philosophy
2025-09-24,md/by_category/philosophy/2025-09-24_68d3da97-008_허리-통증-원인-분석.md,허리 통증 원인 분석,philosophy,philosophy
2025-09-25,md/by_category/ai-dev/2025-09-25_68d4a3c9-f2b_cholar-GPT-소개-및-기능.md,cholar GPT 소개 및 기능,ai-dev,ai-dev
2025-09-28,md/by_category/ai-dev/2025-09-28_68d914c9-0dd_까페24_워드프레스.md,까페24_워드프레스,ai-dev,ai-dev
2025-09-29,md/by_category/autotraderagent/2025-09-29_68d9c093-df9_응용과-사용-비교.md,응용과 사용 비교,autotraderagent,autotraderagent
2025-09-29,md/by_category/ai-dev/2025-09-29_68d9d2a1-421_AI-이해와-주역.md,AI 이해와 주역,ai-dev,ai-dev
2025-09-29,md/by_category/philosophy/2025-09-29_68da1935-e27_사용과-응용-차이.md,사용과 응용 차이,philosophy,philosophy
2025-09-29,md/by_category/philosophy/2025-09-29_68da2079-190_여의사와의-대화.md,여의사와의 대화,philosophy,philosophy
2025-09-29,md/by_category/philosophy/2025-09-29_68da2e6a-8b1_여의사와의-대화프.md,여의사와의 대화(프),philosophy,philosophy
2025-09-29,md/by_category/autotraderagent/2025-09-29_68da3a83-7b7_죽음과-평온-성찰.md,죽음과 평온 성찰,autotraderagent,autotraderagent
2025-09-29,md/by_category/ai-dev/2025-09-29_68da3b9e-608_MACD-RSI-DMI-볼린저밴드.md,"MACD, RSI, DMI, 볼린저밴드",ai-dev,ai-dev
2025-09-30,md/by_category/philosophy/2025-09-30_68db220a-919_AI와-동료의-시대.md,AI와 동료의 시대,philosophy,philosophy
2025-09-30,md/by_category/philosophy/2025-09-30_68db2b31-331_윤사진.md,윤사진,philosophy,philosophy
2025-09-30,md/by_category/finance/2025-09-30_68db46ff-c93_기술동향-문서-관리-방법.md,기술동향 문서 관리 방법,finance,finance
2025-10-01,md/by_category/finance/2025-10-01_68dc8912-bb5_1행정사-블로그-홍보-전략.md,1.행정사 블로그 홍보 전략,finance,finance
2025-10-01,md/by_category/finance/2025-10-01_68dc956a-187_2행정사-블로그-홍보-전략.md,2행정사 블로그 홍보 전략,finance,finance
2025-10-01,md/by_category/finance/2025-10-01_68dc9e7c-fab_11브랜치-행정사-블로그-홍보-전략.md,1.1브랜치 · 행정사 블로그 홍보 전략,finance,finance
2025-10-01,md/by_category/finance/2025-10-01_68dcadc2-e57_3행정사-블로그-홍보-전략.md,3행정사 블로그 홍보 전략,finance,finance
2025-10-01,md/by_category/finance/2025-10-01_68dcbc2f-539_4행정사-블로그-홍보-전략.md,4행정사 블로그 홍보 전략,finance,finance
2025-10-01,md/by_category/finance/2025-10-01_68dccdc8-87f_1050세션운영메뉴얼.md,1.0.5.0세션운영메뉴얼,finance,finance
2025-10-01,md/by_category/finance/2025-10-01_68dcd1b2-c7e_1051패키지설계.md,1.0.5.1패키지설계,finance,finance
2025-10-02,md/by_category/philosophy/2025-10-02_68dda2cd-521_변호사법위반여부검토.md,변호사법위반여부검토,philosophy,philosophy
2025-10-02,md/by_category/finance/2025-10-02_68ddf250-d71_기고문민법-전문가-역할코치인증.md,기고문(민법 전문가 역할(코치인증),finance,finance
2025-10-03,md/by_category/philosophy/2025-10-03_68df2278-a6a_나의비서지침추가방법.md,나의비서(지침추가방법),philosophy,philosophy
2025-10-03,md/by_category/philosophy/2025-10-03_68df3316-5a3_나의비서11-테스트확인.md,나의비서1.1 테스트확인,philosophy,philosophy
2025-10-03,md/by_category/philosophy/2025-10-03_68df3c01-b62_작동시험소설지침추가방법.md,작동시험:소설(지침추가방법),philosophy,philosophy
2025-10-03,md/by_category/finance/2025-10-03_68df47e7-c27_소설민법-전문가-역할코치인증.md,소설(민법 전문가 역할(코치인증),finance,finance
2025-10-04,md/by_category/autotraderagent/2025-10-04_68e0a4ba-885_1150세션운영메뉴얼.md,1.1.5.0세션운영메뉴얼,autotraderagent,autotraderagent
2025-10-04,md/by_category/autotraderagent/2025-10-04_68e0a6e6-04c_1151패키지설계.md,1.1.5.1패키지설계,autotraderagent,autotraderagent
2025-10-05,md/by_category/philosophy/2025-10-05_68e1aec5-a77_RAG의-쇠퇴-이유.md,RAG의 쇠퇴 이유,philosophy,philosophy
2025-10-05,md/by_category/philosophy/2025-10-05_68e1b266-7f7_10RAG몰락과-모델비교사용.md,1.0RAG몰락과 모델비교사용,philosophy,philosophy
2025-10-05,md/by_category/philosophy/2025-10-05_68e1e652-d56_RAG몰락과-모델의-비교사용.md,RAG몰락과 모델의 비교사용,philosophy,"philosophy,redacted"
2025-10-05,md/by_category/philosophy/2025-10-05_68e1ece9-a60_11RAG몰락과모델비교사용.md,1.1RAG몰락과모델비교사용,philosophy,philosophy
2025-10-07,md/by_category/philosophy/2025-10-07_68e43040-a13_독버섯-식별-요청.md,독버섯 식별 요청,philosophy,philosophy
2025-10-07,md/by_category/autotraderagent/2025-10-07_68e43112-b0d_독버섯-여부-확인.md,독버섯 여부 확인,autotraderagent,autotraderagent
2025-10-07,md/by_category/finance/2025-10-07_68e4f8f2-dcb_수각-의미-설명.md,수각 의미 설명,finance,finance
2025-10-08,md/by_category/philosophy/2025-10-08_68e5a321-9f2_의욕-회복-방법.md,의욕 회복 방법,philosophy,philosophy
2025-10-09,md/by_category/autotraderagent/2025-10-09_68e6c650-764_배터리-폭발-가능성-검토.md,배터리 폭발 가능성 검토,autotraderagent,autotraderagent
2025-10-09,md/by_category/philosophy/2025-10-09_68e7072f-db2_AI에이전트.md,AI에이전트,philosophy,philosophy
2025-10-09,md/by_category/autotraderagent/2025-10-09_68e7506d-1a0_1주차-AI에이전트.md,1주차 · AI에이전트,autotraderagent,autotraderagent
2025-10-09,md/by_category/finance/2025-10-09_68e7a97a-48b_구글-계정의-종류.md,구글 계정의 종류,finance,finance
2025-10-09,md/by_category/autotraderagent/2025-10-09_68e7b30c-90e_2일차-AI에이전트.md,2일차 · AI에이전트,autotraderagent,autotraderagent
2025-10-10,md/by_category/autotraderagent/2025-10-10_68e85539-56b_파이썬-기초.md,파이썬 기초,autotraderagent,autotraderagent
2025-10-10,md/by_category/autotraderagent/2025-10-10_68e857fa-729_행정사12주-실행-일정.md,행정사12주 실행 일정,autotraderagent,autotraderagent
2025-10-10,md/by_category/autotraderagent/2025-10-10_68e86431-374_AI-에이전트와-비서-차이.md,AI 에이전트와 비서 차이,autotraderagent,autotraderagent
2025-10-10,md/by_category/autotraderagent/2025-10-10_68e8a858-c59_판다스-기초.md,판다스 기초,autotraderagent,autotraderagent
2025-10-11,md/by_category/autotraderagent/2025-10-11_68e9b3e5-b21_대화내용맥락참고방법.md,대화내용(맥락)참고방법,autotraderagent,autotraderagent
2025-10-11,md/by_category/autotraderagent/2025-10-11_68ea345d-a4d_AI-Agent구축-전제요건.md,AI Agent구축 전제요건,autotraderagent,autotraderagent
2025-10-11,md/by_category/philosophy/2025-10-11_68ea488c-f3f_GPT모드-상품ProTeamEnterprise설명.md,"GPT모드, 상품(Pro/Team/Enterprise)설명",philosophy,philosophy
2025-10-11,md/by_category/philosophy/2025-10-11_68ea5547-09e_제2의두뇌자료-참고-방식-질문.md,제2의두뇌(자료 참고 방식 질문),philosophy,philosophy
2025-10-11,md/by_category/philosophy/2025-10-11_68ea564d-8f8_OpenAI-플랫폼-설명.md,OpenAI 플랫폼 설명,philosophy,philosophy
2025-10-12,md/by_category/ai-dev/2025-10-12_68eafb01-3ed_1개별-컨테너구글브라이브-분석-가능여부.md,1개별 컨테너(구글브라이브 분석 가능여부),ai-dev,ai-dev
2025-10-12,md/by_category/autotraderagent/2025-10-12_68eb1e52-0e9_2개별-컨테너개별폴더사용가능여부.md,2개별 컨테너(개별폴더사용가능여부),autotraderagent,autotraderagent
2025-10-12,md/by_category/philosophy/2025-10-12_68eb5d7e-79e_3개별-컨테너공동지능공개웹.md,3개별 컨테너(공동지능공개웹),philosophy,philosophy
2025-10-12,md/by_category/autotraderagent/2025-10-12_68eb6036-f8c_4GitHubDocsify셋팅.md,4GitHub(Docsify)셋팅,autotraderagent,autotraderagent
2025-10-12,md/by_category/autotraderagent/2025-10-12_68eb86f1-7b4_MemoryLoopDocsify-GitHub학습계획및자료.md,MemoryLoop(Docsify GitHub)학습계획및자료,autotraderagent,autotraderagent
2025-10-13,md/by_category/autotraderagent/2025-10-13_68ec817f-b02_1주차실전형-전환-학습.md,1주차:실전형 전환 학습,autotraderagent,autotraderagent
2025-10-14,md/by_category/philosophy/2025-10-14_68edaf13-a01_ChatGPT-모드별_작동_구조_비교.md,ChatGPT 모드별_작동_구조_비교,philosophy,philosophy
2025-10-14,md/by_category/philosophy/2025-10-14_68edbabc-ce1_ChatGPT_구조_및_작동원리.md,ChatGPT_구조_및_작동원리,philosophy,philosophy
2025-10-14,md/by_category/ai-dev/2025-10-14_68ede021-6d1_251015킷허브저장소셋팅.md,251015킷허브저장소셋팅,ai-dev,ai-dev
2025-10-14,md/by_category/autotraderagent/2025-10-14_68ede0d0-92e_251015모드별-동작-메커니즘-파악.md,251015모드별 동작 메커니즘 파악,autotraderagent,autotraderagent
2025-10-14,md/by_category/finance/2025-10-14_68edf868-72b_ChatGPT-모드별-단계-비교표.md,ChatGPT 모드별 단계 비교표,finance,finance
2025-10-14,md/by_category/philosophy/2025-10-14_68ee1b78-6a1_251015모드별-단계-비교표.md,251015모드별 단계 비교표,philosophy,philosophy
2025-10-15,md/by_category/philosophy/2025-10-15_68ee750b-caa_젠포트와-투자플랫폼-비교.md,젠포트와 투자플랫폼 비교,philosophy,philosophy
2025-10-15,md/by_category/finance/2025-10-15_68ef07a3-42c_퀀터스-프라임-전략-요약.md,퀀터스 프라임 전략 요약,finance,finance
2025-10-15,md/by_category/finance/2025-10-15_68ef0c3b-955_ETF-전략-요약.md,ETF 전략 요약,finance,finance
2025-10-15,md/by_category/finance/2025-10-15_68ef0ca3-c45_백테스트-성과-비교.md,백테스트 성과 비교,finance,finance
2025-10-16,md/by_category/philosophy/2025-10-16_68f03237-9f0_옵시디언-깃허브-연동-오류.md,옵시디언 깃허브 연동 오류,philosophy,philosophy
2025-10-16,md/by_category/philosophy/2025-10-16_68f08565-931_VSCode-설치-방법.md,VSCode 설치 방법,philosophy,philosophy
2025-10-19,md/by_category/autotraderagent/2025-10-19_68f43ee9-6a2_MemoryLoopDocsify-GitHub학습계획및자료.md,MemoryLoop(Docsify GitHub)학습계획및자료,autotraderagent,autotraderagent
2025-10-19,md/by_category/philosophy/2025-10-19_68f447aa-c30_모드-차이-비교-설명.md,모드 차이 비교 설명,philosophy,philosophy
2025-10-22,md/by_category/autotraderagent/2025-10-22_68f8264d-252_주식자동매매-행정사-개업-계획.md,주식자동매매 행정사 개업 계획,autotraderagent,autotraderagent
2025-10-22,md/by_category/philosophy/2025-10-22_68f83051-bba_PowerShell-VS-VS-Code.md,PowerShell VS VS Code,philosophy,philosophy
2025-10-22,md/by_category/autotraderagent/2025-10-22_68f86cd1-6cb_PowerShell-가상환경-오류.md,PowerShell 가상환경 오류,autotraderagent,autotraderagent
2025-10-22,md/by_category/autotraderagent/2025-10-22_68f877c9-f31_docsify와-워드프레스-깃허브.md,docsify와 워드프레스 깃허브,autotraderagent,autotraderagent
2025-10-23,md/by_category/philosophy/2025-10-23_68f97211-354_AutoTraderAgent_구조화_1.md,AutoTraderAgent_구조화_1,philosophy,philosophy
2025-10-23,md/by_category/autotraderagent/2025-10-23_68f99f89-8ea_AutoTraderAgent_시각화_2.md,AutoTraderAgent_시각화_2,autotraderagent,autotraderagent
2025-10-23,md/by_category/autotraderagent/2025-10-23_68f9c19c-fff_AutoTraderAgent_시각화확장_3.md,AutoTraderAgent_시각화확장_3,autotraderagent,autotraderagent
2025-10-24,md/by_category/autotraderagent/2025-10-24_68fac644-453_AutoTraderAgent_노션연결_4.md,AutoTraderAgent_노션연결_4,autotraderagent,"autotraderagent,contains_token_like,redacted"
2025-10-24,md/by_category/autotraderagent/2025-10-24_68fb205a-575_AutoTraderAgent_노션동기화_5.md,AutoTraderAgent_노션동기화_5,autotraderagent,"autotraderagent,contains_token_like,redacted"
2025-10-25,md/by_category/autotraderagent/2025-10-25_68fc0899-f22_AutoTraderAgent_노션동기화_6.md,AutoTraderAgent_노션동기화_6,autotraderagent,"autotraderagent,contains_token_like,redacted"
2025-10-25,md/by_category/philosophy/2025-10-25_68fc532a-6a5_사이트-추천하기.md,사이트 추천하기,philosophy,philosophy
2025-10-26,md/by_category/autotraderagent/2025-10-26_68fd707f-91e_AutoTraderAgent_로그기록추가삭제_7.md,AutoTraderAgent_로그기록추가삭제_7,autotraderagent,autotraderagent
2025-10-26,md/by_category/autotraderagent/2025-10-26_68fd86ab-f65_AutoTraderAgent_오류알림_8.md,AutoTraderAgent_오류알림_8,autotraderagent,"autotraderagent,redacted"
2025-10-27,md/by_category/autotraderagent/2025-10-27_68febf40-293_AutoTraderAgent_연결분리_9.md,AutoTraderAgent_연결분리_9,autotraderagent,"autotraderagent,contains_token_like,redacted"
2025-10-28,md/by_category/autotraderagent/2025-10-28_69001048-548_AutoTraderAgent_파이프라인연결_10.md,AutoTraderAgent_파이프라인연결_10,autotraderagent,"autotraderagent,contains_token_like,redacted"
2025-10-29,md/by_category/philosophy/2025-10-29_690142a1-c2d_AI-AutoTraderAgent_00.md,AI AutoTraderAgent_00,philosophy,philosophy
2025-10-29,md/by_category/autotraderagent/2025-10-29_6901622d-604_AI-AutoTraderAgent_01-21.md,AI AutoTraderAgent_01-21,autotraderagent,autotraderagent
2025-10-29,md/by_category/autotraderagent/2025-10-29_690178ec-f2f_AI-AutoTraderAgent_01-8.md,AI AutoTraderAgent_01-8,autotraderagent,autotraderagent
2025-10-29,md/by_category/autotraderagent/2025-10-29_6901860f-df6_AI-AutoTraderAgent-01.md,AI AutoTraderAgent 01,autotraderagent,"autotraderagent,redacted"
2025-10-30,md/by_category/autotraderagent/2025-10-30_69032acd-d23_AutoTraderAgent-컴이전.md,AutoTraderAgent 컴이전,autotraderagent,"autotraderagent,redacted"
2025-10-31,md/by_category/philosophy/2025-10-31_6903f166-240_예쁜-새-꿈-해몽.md,예쁜 새 꿈 해몽,philosophy,philosophy
2025-10-31,md/by_category/autotraderagent/2025-10-31_6903ff90-697_AI-AutoTraderAgent-02.md,AI AutoTraderAgent 02,autotraderagent,"autotraderagent,contains_token_like,redacted"
2025-11-01,md/by_category/autotraderagent/2025-11-01_69056717-9dc_AI-AutoTraderAgent-03.md,AI AutoTraderAgent 03,autotraderagent,"autotraderagent,redacted"
2025-11-01,md/by_category/autotraderagent/2025-11-01_6905bbff-400_AI-AutoTraderAgent-04.md,AI AutoTraderAgent 04,autotraderagent,autotraderagent
2025-11-02,md/by_category/autotraderagent/2025-11-02_6906b983-bd3_AI-AutoTraderAgent-05.md,AI AutoTraderAgent 05,autotraderagent,autotraderagent
2025-11-02,md/by_category/autotraderagent/2025-11-02_690708f9-d92_AI-AutoTraderAgent-06.md,AI AutoTraderAgent 06,autotraderagent,autotraderagent
2025-11-03,md/by_category/autotraderagent/2025-11-03_69084eb2-ba5_AI-AutoTraderAgent-07.md,AI AutoTraderAgent 07,autotraderagent,autotraderagent
2025-11-04,md/by_category/autotraderagent/2025-11-04_6909b26c-eef_AI-AutoTraderAgent-08.md,AI AutoTraderAgent 08,autotraderagent,autotraderagent
2025-11-06,md/by_category/autotraderagent/2025-11-06_690c35b9-5d1_AI-AutoTraderAgent-09.md,AI AutoTraderAgent 09,autotraderagent,autotraderagent
2025-11-06,md/by_category/autotraderagent/2025-11-06_690c5a16-d1f_co-AutoTraderAgent-11.md,co AutoTraderAgent 11,autotraderagent,autotraderagent
2025-11-07,md/by_category/autotraderagent/2025-11-07_690cfa62-3bc_co-AutoTraderAgent-10.md,co AutoTraderAgent 10,autotraderagent,autotraderagent
2025-11-08,md/by_category/autotraderagent/2025-11-08_690e8714-8eb_co-AutoTraderAgent-12.md,co AutoTraderAgent 12,autotraderagent,autotraderagent
2025-11-08,md/by_category/autotraderagent/2025-11-08_690ed6c2-039_AI-AutoTraderAgent-대시보드-실험-로그-질문333-요약.md,AI AutoTraderAgent 대시보드 실험 로그 (질문3~33 요약),autotraderagent,autotraderagent
2025-11-08,md/by_category/autotraderagent/2025-11-08_690f14a9-8ed_co-AutoTraderAgent-13.md,co AutoTraderAgent 13,autotraderagent,autotraderagent
2025-11-09,md/by_category/autotraderagent/2025-11-09_691033dd-0d9_co-AutoTraderAgent-14.md,co AutoTraderAgent 14,autotraderagent,autotraderagent
2025-11-10,md/by_category/autotraderagent/2025-11-10_6910ecd4-77e_왼쪽-잇몸-꿈-해석.md,왼쪽 잇몸 꿈 해석,autotraderagent,autotraderagent
2025-11-10,md/by_category/autotraderagent/2025-11-10_69112bda-435_co-AutoTraderAgent-15.md,co AutoTraderAgent 15,autotraderagent,autotraderagent
2025-11-10,md/by_category/autotraderagent/2025-11-10_69115574-28c_co-AutoTraderAgent-16.md,co AutoTraderAgent 16,autotraderagent,autotraderagent
2025-11-10,md/by_category/autotraderagent/2025-11-10_69119edf-5d7_co-AutoTraderAgent-17.md,co AutoTraderAgent 17,autotraderagent,autotraderagent
2025-11-11,md/by_category/autotraderagent/2025-11-11_6912a6db-c83_co-AutoTraderAgent-18.md,co AutoTraderAgent 18,autotraderagent,autotraderagent
2025-11-12,md/by_category/autotraderagent/2025-11-12_6913a5af-16f_Dual-computer.md,Dual computer,autotraderagent,autotraderagent
2025-11-12,md/by_category/autotraderagent/2025-11-12_6913bc67-ef2_Statejson-자동-백업.md,State.json 자동 백업,autotraderagent,autotraderagent
2025-11-14,md/by_category/finance/2025-11-14_69165219-92f_Dual-computer_1.md,Dual computer_1,finance,finance
2025-11-15,md/by_category/autotraderagent/2025-11-15_691813a6-b3d_co-AutoTraderAgent-19.md,co AutoTraderAgent 19,autotraderagent,autotraderagent
2025-11-17,md/by_category/philosophy/2025-11-17_691a618c-c44_PyCharm-소개와-기능.md,PyCharm 소개와 기능,philosophy,philosophy
2025-11-20,md/by_category/autotraderagent/2025-11-20_691df31e-6d3_Gemini-Wiki-설명.md,Gemini Wiki 설명,autotraderagent,autotraderagent
2025-11-20,md/by_category/autotraderagent/2025-11-20_691e58ab-8c6_co-AutoTraderAgent-20.md,co AutoTraderAgent 20,autotraderagent,autotraderagent
2025-11-21,md/by_category/autotraderagent/2025-11-21_691faa78-08e_co-AutoTraderAgent-21.md,co AutoTraderAgent 21,autotraderagent,autotraderagent
2025-11-21,md/by_category/autotraderagent/2025-11-21_692010e4-747_MAX-DD와-DD-차이.md,MAX DD와 DD 차이,autotraderagent,autotraderagent
2025-11-24,md/by_category/philosophy/2025-11-24_69239bb3-f75_RaiDrive-GUI-비교.md,RaiDrive GUI 비교,philosophy,philosophy
2025-11-24,md/by_category/autotraderagent/2025-11-24_6923eb01-f67_co-AutoTraderAgent-22.md,co AutoTraderAgent 22,autotraderagent,autotraderagent
2025-11-25,md/by_category/autotraderagent/2025-11-25_692529f6-86c_co-AutoTraderAgent-23.md,co AutoTraderAgent 23,autotraderagent,autotraderagent
2025-11-26,md/by_category/autotraderagent/2025-11-26_692641bb-29e_co-AutoTraderAgent-24.md,co AutoTraderAgent 24,autotraderagent,autotraderagent
2025-11-26,md/by_category/philosophy/2025-11-26_69265c8c-2a6_VSCode-에이전트-비교.md,VSCode 에이전트 비교,philosophy,philosophy
2025-11-28,md/by_category/autotraderagent/2025-11-28_6928f114-028_co-AutoTraderAgent-25.md,co AutoTraderAgent 25,autotraderagent,autotraderagent
2025-11-28,md/by_category/autotraderagent/2025-11-28_692946ef-7c0_co-AutoTraderAgent-중간보고1.md,co AutoTraderAgent 중간보고1,autotraderagent,autotraderagent
2025-11-29,md/by_category/autotraderagent/2025-11-29_692a3f7f-5bc_co-AutoTraderAgent-중간보고.md,co AutoTraderAgent 중간보고,autotraderagent,autotraderagent
2025-11-29,md/by_category/autotraderagent/2025-11-29_692a7d45-ebf_co-AutoTraderAgent-26.md,co AutoTraderAgent 26,autotraderagent,autotraderagent
2025-11-30,md/by_category/autotraderagent/2025-11-30_692b649b-610_내성발톱-치료방법.md,내성발톱 치료방법,autotraderagent,autotraderagent
2025-11-30,md/by_category/philosophy/2025-11-30_692b65bb-b76_내성발톱.md,내성발톱,philosophy,philosophy
2025-12-01,md/by_category/autotraderagent/2025-12-01_692ce44e-673_co-AutoTraderAgent-27.md,co AutoTraderAgent 27,autotraderagent,autotraderagent
2025-12-01,md/by_category/autotraderagent/2025-12-01_692ce889-2b0_co-AutoTraderAgent-27-1.md,co AutoTraderAgent 27-1,autotraderagent,autotraderagent
2025-12-01,md/by_category/autotraderagent/2025-12-01_692d1136-7e7_co-AutoTraderAgent-27-2.md,co AutoTraderAgent 27-2,autotraderagent,autotraderagent
2025-12-02,md/by_category/autotraderagent/2025-12-02_692e2067-b01_co-AutoTraderAgent-28.md,co AutoTraderAgent 28,autotraderagent,autotraderagent
2025-12-02,md/by_category/philosophy/2025-12-02_692e8719-888_정보통신기술자.md,정보통신기술자,philosophy,philosophy
2025-12-04,md/by_category/philosophy/2025-12-04_6930e671-50d_정보통신기술자설명.md,정보통신기술자설명,philosophy,philosophy
2025-12-05,md/by_category/autotraderagent/2025-12-05_69322547-14d_co-AutoTraderAgent-29.md,co AutoTraderAgent 29,autotraderagent,autotraderagent
2025-12-05,md/by_category/autotraderagent/2025-12-05_69326c85-371_co-AutoTraderAgent-30.md,co AutoTraderAgent 30,autotraderagent,autotraderagent
2025-12-06,md/by_category/philosophy/2025-12-06_69332d03-e6b_꿈-해석-시비-꿈.md,꿈 해석 시비 꿈,philosophy,philosophy
2025-12-06,md/by_category/philosophy/2025-12-06_69337607-669_깃허브정리.md,깃허브정리,philosophy,philosophy
2025-12-06,md/by_category/autotraderagent/2025-12-06_69337f24-a32_co-AutoTraderAgent-31.md,co AutoTraderAgent 31,autotraderagent,autotraderagent
2025-12-06,md/by_category/autotraderagent/2025-12-06_693399d9-ca9_co-AutoTraderAgent-31-1.md,co AutoTraderAgent 31-1,autotraderagent,autotraderagent
2025-12-06,md/by_category/autotraderagent/2025-12-06_6933c520-45e_co-AutoTraderAgent-32.md,co AutoTraderAgent 32,autotraderagent,"autotraderagent,contains_token_like"
2025-12-06,md/by_category/autotraderagent/2025-12-06_6933d5f0-19e_co-AutoTraderAgent-33.md,co AutoTraderAgent 33,autotraderagent,autotraderagent
2025-12-07,md/by_category/philosophy/2025-12-07_6934eddb-b22_PowerShell-CtrlC-해결법.md,PowerShell Ctrl+C 해결법,philosophy,philosophy
2025-12-08,md/by_category/autotraderagent/2025-12-08_693610bf-04e_co-AutoTraderAgent-34.md,co AutoTraderAgent 34,autotraderagent,autotraderagent
2025-12-09,md/by_category/autotraderagent/2025-12-09_693762a3-6f6_co-AutoTraderAgent-35.md,co AutoTraderAgent 35,autotraderagent,autotraderagent
2025-12-09,md/by_category/autotraderagent/2025-12-09_6937a669-43e_co-AutoTraderAgent-35-1.md,co AutoTraderAgent 35-1,autotraderagent,autotraderagent
2025-12-10,md/by_category/autotraderagent/2025-12-10_6938aa65-f8e_co-AutoTraderAgent-36.md,co AutoTraderAgent 36,autotraderagent,autotraderagent
2025-12-10,md/by_category/autotraderagent/2025-12-10_69390313-3ff_co-AutoTraderAgent-37.md,co AutoTraderAgent 37,autotraderagent,autotraderagent
2025-12-11,md/by_category/autotraderagent/2025-12-11_693a05c5-e90_co-AutoTraderAgent-38.md,co AutoTraderAgent 38,autotraderagent,autotraderagent
2025-12-11,md/by_category/autotraderagent/2025-12-11_693a8cfc-697_AutoTraderAgent-루트-폴더.md,AutoTraderAgent 루트 폴더,autotraderagent,autotraderagent
2025-12-12,md/by_category/autotraderagent/2025-12-12_693b639d-468_co-AutoTraderAgent-39.md,co AutoTraderAgent 39,autotraderagent,autotraderagent
2025-12-12,md/by_category/philosophy/2025-12-12_693bf822-a2c_GPT와의-대화.md,GPT와의 대화,philosophy,philosophy
2025-12-13,md/by_category/autotraderagent/2025-12-13_693cc893-ecb_co-AutoTraderAgent-40.md,co AutoTraderAgent 40,autotraderagent,autotraderagent
2025-12-13,md/by_category/philosophy/2025-12-13_693d288d-51e_GPT와의-대화1.md,GPT와의 대화1,philosophy,philosophy
2025-12-14,md/by_category/autotraderagent/2025-12-14_693dfb6b-7f2_GPT와의-대화2.md,GPT와의 대화2,autotraderagent,autotraderagent
2025-12-14,md/by_category/autotraderagent/2025-12-14_693dfdd5-cb0_co-AutoTraderAgent-41.md,co AutoTraderAgent 41,autotraderagent,autotraderagent
2025-12-14,md/by_category/autotraderagent/2025-12-14_693e871e-d26_GPT와의-대화2.md,GPT와의 대화2,autotraderagent,autotraderagent
2025-12-14,md/by_category/autotraderagent/2025-12-14_693e8bb5-8c5_GPT와의-대화3.md,GPT와의 대화3,autotraderagent,autotraderagent
2025-12-15,md/by_category/autotraderagent/2025-12-15_693f5456-0d5_co-AutoTraderAgent-42.md,co AutoTraderAgent 42,autotraderagent,autotraderagent
2025-12-16,md/by_category/philosophy/2025-12-16_694086e2-33d_GPT와의-대화4.md,GPT와의 대화4,philosophy,philosophy
2025-12-16,md/by_category/autotraderagent/2025-12-16_6940a163-ee5_co-AutoTraderAgent-43.md,co AutoTraderAgent 43,autotraderagent,autotraderagent
2025-12-16,md/by_category/autotraderagent/2025-12-16_6940a274-023_co-AutoTraderAgent-43ADX.md,co AutoTraderAgent 43(ADX),autotraderagent,autotraderagent
2025-12-16,md/by_category/autotraderagent/2025-12-16_6940b476-29d_co-AutoTraderAgent-43코드동일성.md,co AutoTraderAgent 43(코드동일성),autotraderagent,autotraderagent
2025-12-17,md/by_category/autotraderagent/2025-12-17_694210aa-af6_co-AutoTraderAgent-44.md,co AutoTraderAgent 44,autotraderagent,autotraderagent
2025-12-17,md/by_category/autotraderagent/2025-12-17_6942643f-639_GPT와의-대화4.md,GPT와의 대화4,autotraderagent,autotraderagent
2025-12-18,md/by_category/autotraderagent/2025-12-18_69435dc8-e45_Auto-mode-1.md,Auto-mode-1,autotraderagent,autotraderagent
2025-12-18,md/by_category/autotraderagent/2025-12-18_6943b639-105_Auto-mode-2.md,Auto-mode-2,autotraderagent,autotraderagent
2025-12-18,md/by_category/autotraderagent/2025-12-18_6943c22d-ece_GPT와의-대화5.md,GPT와의 대화5,autotraderagent,autotraderagent
2025-12-19,md/by_category/autotraderagent/2025-12-19_694517e3-63f_Auto-mode-4.md,Auto-mode-4,autotraderagent,autotraderagent
2025-12-19,md/by_category/autotraderagent/2025-12-19_69452706-09b_GPT와의-대화6-1.md,GPT와의 대화6-1,autotraderagent,autotraderagent
2025-12-19,md/by_category/philosophy/2025-12-19_69452d0d-9cd_GPT와의-대화7.md,GPT와의 대화7,philosophy,philosophy
2025-12-20,md/by_category/autotraderagent/2025-12-20_6945ec28-1c8_Auto-mode-3.md,Auto-mode-3,autotraderagent,autotraderagent
2025-12-20,md/by_category/autotraderagent/2025-12-20_694620e0-a8a_Auto-mode-5.md,Auto-mode-5,autotraderagent,autotraderagent
2025-12-20,md/by_category/autotraderagent/2025-12-20_6946aaac-016_GPT와의-대화8.md,GPT와의 대화8,autotraderagent,autotraderagent
2025-12-21,md/by_category/autotraderagent/2025-12-21_69475c1c-1c9_Auto-mode-5-1.md,Auto-mode-5-1,autotraderagent,autotraderagent
2025-12-22,md/by_category/autotraderagent/2025-12-22_694891b4-9c3_Auto-mode-6.md,Auto-mode-6,autotraderagent,autotraderagent
2025-12-22,md/by_category/autotraderagent/2025-12-22_6948c6fb-78a_Auto-mode-7.md,Auto-mode-7,autotraderagent,autotraderagent
2025-12-22,md/by_category/autotraderagent/2025-12-22_6948cd41-8f0_Auto-mode-7-1.md,Auto-mode-7-1,autotraderagent,autotraderagent
2025-12-22,md/by_category/autotraderagent/2025-12-22_6949298e-9d3_GPT와의-대화9.md,GPT와의 대화9,autotraderagent,autotraderagent
2025-12-23,md/by_category/autotraderagent/2025-12-23_6949e78d-566_Auto-mode-8.md,Auto-mode-8,autotraderagent,autotraderagent
2025-12-23,md/by_category/autotraderagent/2025-12-23_694a3bbc-5f1_Auto-mode-8-1.md,Auto-mode-8-1,autotraderagent,autotraderagent
2025-12-23,md/by_category/autotraderagent/2025-12-23_694a5513-d06_GPT와의-대화10.md,GPT와의 대화10,autotraderagent,autotraderagent
2025-12-24,md/by_category/autotraderagent/2025-12-24_694b2237-572_GPT와의-대화9-1.md,GPT와의 대화9-1,autotraderagent,autotraderagent
2025-12-24,md/by_category/autotraderagent/2025-12-24_694b2c5c-a10_Auto-mode-9.md,Auto-mode-9,autotraderagent,autotraderagent
2025-12-24,md/by_category/autotraderagent/2025-12-24_694bb3a0-eb7_Auto-mode-9-1.md,Auto-mode-9-1,autotraderagent,autotraderagent
2025-12-25,md/by_category/autotraderagent/2025-12-25_694c7a66-7da_Auto-mode-10-1.md,Auto-mode-10-1,autotraderagent,autotraderagent
2025-12-25,md/by_category/autotraderagent/2025-12-25_694c81f2-30d_Auto-mode-10.md,Auto-mode-10,autotraderagent,autotraderagent
2025-12-25,md/by_category/autotraderagent/2025-12-25_694d0cba-956_Auto-mode-10-2SSOT.md,Auto-mode-10-2(SSOT),autotraderagent,autotraderagent
2025-12-26,md/by_category/autotraderagent/2025-12-26_694db759-c49_GPT와의-대화11-명상.md,GPT와의 대화11-명상,autotraderagent,autotraderagent
2025-12-26,md/by_category/autotraderagent/2025-12-26_694dd3a6-9e4_Auto-mode-11.md,Auto-mode-11,autotraderagent,autotraderagent
2025-12-26,md/by_category/autotraderagent/2025-12-26_694e80b3-5e7_GPT와의-대화12-명상정의.md,GPT와의 대화12-명상정의,autotraderagent,autotraderagent
2025-12-28,md/by_category/autotraderagent/2025-12-28_69507a61-8e2_Auto-mode-12.md,Auto-mode-12,autotraderagent,autotraderagent
2025-12-28,md/by_category/autotraderagent/2025-12-28_6950e0d5-b16_GPT와의-대화15무의식.md,GPT와의 대화15무의식,autotraderagent,autotraderagent
2025-12-28,md/by_category/autotraderagent/2025-12-28_6950f447-7e9_GPT와의-대화11-진리.md,GPT와의 대화11-진리,autotraderagent,autotraderagent
2025-12-29,md/by_category/autotraderagent/2025-12-29_6951cd50-e93_Auto-mode-13.md,Auto-mode-13,autotraderagent,autotraderagent
2025-12-30,md/by_category/autotraderagent/2025-12-30_69531dd1-31e_Auto-mode-14-1.md,Auto-mode-14-1,autotraderagent,autotraderagent
2025-12-30,md/by_category/autotraderagent/2025-12-30_6953268a-777_GPT와의-대화14-1기억.md,GPT와의 대화14-1기억,autotraderagent,autotraderagent
2025-12-31,md/by_category/autotraderagent/2025-12-31_69546de4-326_Auto-mode-14.md,Auto-mode-14,autotraderagent,autotraderagent
2025-12-31,md/by_category/autotraderagent/2025-12-31_6954d004-dc0_GPT와의-대화13대화의즐거움-인식.md,GPT와의 대화13대화의즐거움 인식,autotraderagent,autotraderagent
2026-01-01,md/by_category/autotraderagent/2026-01-01_6955cb37-27f_GPT와의-대화14새해첫날.md,GPT와의 대화14새해첫날,autotraderagent,autotraderagent
2026-01-02,md/by_category/autotraderagent/2026-01-02_69570d97-c79_Auto-mode-15.md,Auto-mode-15,autotraderagent,autotraderagent
2026-01-02,md/by_category/autotraderagent/2026-01-02_69572bb8-7e8_Auto-mode-16.md,Auto-mode-16,autotraderagent,autotraderagent
2026-01-03,md/by_category/autotraderagent/2026-01-03_69587476-d2d_Auto-mode-17.md,Auto-mode-17,autotraderagent,autotraderagent
2026-01-04,md/by_category/autotraderagent/2026-01-04_695a107d-1ca_판단-기준-질문.md,판단 기준 질문,autotraderagent,autotraderagent
2026-01-04,md/by_category/autotraderagent/2026-01-04_695a12f0-579_소극적-삶의-불안.md,소극적 삶의 불안,autotraderagent,autotraderagent
2026-01-05,md/by_category/autotraderagent/2026-01-05_695ac80a-eaf_Auto-mode-18.md,Auto-mode-18,autotraderagent,autotraderagent
2026-01-05,md/by_category/autotraderagent/2026-01-05_695b1d79-261_Cursor-구독-방법.md,Cursor 구독 방법,autotraderagent,autotraderagent
2026-01-05,md/by_category/autotraderagent/2026-01-05_695b50c9-680_GPT와의-대화15-에세이수수료.md,GPT와의 대화15-에세이수수료,autotraderagent,autotraderagent
2026-01-06,md/by_category/autotraderagent/2026-01-06_695c9fd6-e94_GPT와의-대화16-한계.md,GPT와의 대화16-한계,autotraderagent,autotraderagent
2026-01-07,md/by_category/autotraderagent/2026-01-07_695daeff-5c2_BASE_RATIO.md,BASE_RATIO,autotraderagent,autotraderagent
2026-01-09,md/by_category/autotraderagent/2026-01-09_69605fb5-9b3_Auto-mode-19.md,Auto-mode-19,autotraderagent,autotraderagent
2026-01-09,md/by_category/autotraderagent/2026-01-09_69607a8a-d3c_GPT와의-대화17-수익조건.md,GPT와의 대화17-수익조건,autotraderagent,autotraderagent
2026-01-10,md/by_category/autotraderagent/2026-01-10_6961941e-0db_AI프로-의미-비교.md,AI프로 의미 비교,autotraderagent,autotraderagent
2026-01-10,md/by_category/autotraderagent/2026-01-10_6961c71b-c8f_선천적-실명과-삶.md,선천적 실명과 삶,autotraderagent,autotraderagent
2026-01-10,md/by_category/autotraderagent/2026-01-10_6961cc1c-b3b_제6감각-인간의-삶.md,제6감각 인간의 삶,autotraderagent,autotraderagent
2026-01-10,md/by_category/autotraderagent/2026-01-10_6961dce7-b9b_시스템-SSOT-성격.md,시스템 SSOT 성격,autotraderagent,autotraderagent
2026-01-10,md/by_category/autotraderagent/2026-01-10_6961df67-902_GitHub-업데이트-명령.md,GitHub 업데이트 명령,autotraderagent,autotraderagent
2026-01-11,md/by_category/autotraderagent/2026-01-11_6962a975-ac0_GPT와의-대화18-판단위생.md,GPT와의 대화18-판단위생,autotraderagent,autotraderagent
2026-01-11,md/by_category/autotraderagent/2026-01-11_696328e8-3ee_GPT와의-대화18-유보목록답변73.md,GPT와의 대화18-유보목록(답변73),autotraderagent,autotraderagent
2026-01-12,md/by_category/autotraderagent/2026-01-12_6964d9b3-20c_Auto-mode-20_1실매매v0-조건.md,Auto-mode-20_1실매매v0 조건,autotraderagent,autotraderagent
2026-01-13,md/by_category/autotraderagent/2026-01-13_69657285-5ed_Auto-mode-20.md,Auto-mode-20,autotraderagent,autotraderagent
2026-01-13,md/by_category/autotraderagent/2026-01-13_6965adfb-5a9_시험-우선순위-제시.md,시험 우선순위 제시,autotraderagent,autotraderagent
2026-01-14,md/by_category/autotraderagent/2026-01-14_6967003a-2a5_UniverseGate_1.md,UniverseGate_1,autotraderagent,autotraderagent
2026-01-15,md/by_category/autotraderagent/2026-01-15_6967f104-2c5_BASE_RATIO-후보실험.md,BASE_RATIO 후보실험,autotraderagent,autotraderagent
2026-01-15,md/by_category/autotraderagent/2026-01-15_69686d3d-529_SignalScoreEngine.md,SignalScoreEngine,autotraderagent,autotraderagent
2026-01-15,md/by_category/philosophy/2026-01-15_6968bd7f-a5f_기타-올리는-방법.md,기타 올리는 방법,philosophy,philosophy
2026-01-15,md/by_category/autotraderagent/2026-01-15_6968bda1-308_대화-내용-GitHub-업로드.md,대화 내용 GitHub 업로드,autotraderagent,autotraderagent
